<?xml version="1.0" encoding="UTF-8"?>
<S:Envelope xmlns:S="http://schemas.xmlsoap.org/soap/envelope/">
   <S:Body>
      <ns2:consultarResponse xmlns:ns2="http://ws.fiap.com.br/">
         <return>
            <cidade>Sao Paulo</cidade>
            <email>fiap@fiap.com.br</email>
            <endereco>Av Paulista 1000</endereco>
            <estado>SP</estado>
            <nome>Fulano</nome>
            <pais>Brasil</pais>
            <telefone>11 67779999</telefone>
         </return>
      </ns2:consultarResponse>
   </S:Body>
</S:Envelope>