<?xml version="1.0" encoding="UTF-8"?>
<soapenv:Envelope xmlns:soapenv="http://schemas.xmlsoap.org/soap/envelope/" xmlns:ws="http://ws.fiap.com.br/">
   <soapenv:Header/>
   <soapenv:Body>
      <ws:inserir>
         <arg0>
            <!--Optional:-->
            <cidade>Sao Paulo</cidade>
            <!--Optional:-->
            <email>fiap@fiap.com.br</email>
            <!--Optional:-->
            <endereco>Av Paulista 1000</endereco>
            <!--Optional:-->
            <estado>SP</estado>
            <!--Optional:-->
            <nome>Fulano</nome>
            <!--Optional:-->
            <pais>Brasil</pais>
            <!--Optional:-->
            <telefone>11 67779999</telefone>
         </arg0>
      </ws:inserir>
   </soapenv:Body>
</soapenv:Envelope>