<S:Envelope xmlns:S="http://schemas.xmlsoap.org/soap/envelope/">
   <S:Body>
      <ns2:listarResponse xmlns:ns2="http://ws.fiap.com.br/">
         <return>
            <item>
               <cidade>Salvador</cidade>
               <email>robson@robson.com.br</email>
               <endereco>R. das Flores, 33</endereco>
               <estado>BA</estado>
               <nome>Robson Martins</nome>
               <pais>Brasil</pais>
               <telefone>(11)7070-7060</telefone>
            </item>
            <item>
               <cidade>São Paulo</cidade>
               <email>adriana@adriana.com.br</email>
               <endereco>Av. Itá, 3223</endereco>
               <estado>SP</estado>
               <nome>Adriana Del Nero</nome>
               <pais>Brasil</pais>
               <telefone>(11)2345-7432</telefone>
            </item>
         </return>
      </ns2:listarResponse>
   </S:Body>
</S:Envelope>