<!DOCTYPE ui:UiBinder SYSTEM "http://dl.google.com/gwt/DTD/xhtml.ent">
<ui:UiBinder
  xmlns:ui="urn:ui:com.google.gwt.uibinder"
  xmlns:g="urn:import:com.google.gwt.user.client.ui"
  xmlns:c="urn:import:com.google.gwt.user.cellview.client">

  <g:DockLayoutPanel
    unit="EM">
    <!-- DataGrid. -->
    <g:center>
      <c:DataGrid
        ui:field='dataGrid' />
    </g:center>

    <!-- Pager. -->
    <g:south
      size="3">
      <g:HTMLPanel>
        <table
          style="width:100%">
          <tr>
            <td
              align='center'>
              <c:SimplePager
                ui:field='pager' />
            </td>
          </tr>
        </table>
      </g:HTMLPanel>
    </g:south>
  </g:DockLayoutPanel>
</ui:UiBinder>
