<?xml version="1.0" encoding="UTF-8"?>

<!-- $Id: mysql-ds.xml,v 1.1.2.2 2004/12/01 11:36:28 schrouf Exp $ -->
<!--  Datasource config for MySQL using 3.0.9 available from:
http://www.mysql.com/downloads/api-jdbc-stable.html
-->

<datasources>
  
  <local-tx-datasource>
    <jndi-name>jdbc/fiap2</jndi-name>
    <connection-url>jdbc:mysql://localhost:3306/avaliacaoejb</connection-url>
    <driver-class>com.mysql.jdbc.Driver</driver-class>
    <user-name>root</user-name>
    <password>fiap</password>
    <exception-sorter-class-name>org.jboss.resource.adapter.jdbc.vendor.MySQLExceptionSorter</exception-sorter-class-name>
    
    <!-- sql to call when connection is created
    <new-connection-sql>some arbitrary sql</new-connection-sql>
      -->
    <!-- sql to call on an existing pooled connection when it is obtained from pool 
    <check-valid-connection-sql>some arbitrary sql</check-valid-connection-sql>
      -->
  </local-tx-datasource>

  
  <xa-datasource>
    	<jndi-name>jdbc/fiapXA</jndi-name>
	<xa-datasource-class>com.mysql.jdbc.jdbc2.optional.MysqlXADataSource</xa-datasource-class>
	<xa-datasource-property name="URL">jdbc:mysql://localhost:3306/fiap2?characterEncoding=utf8&amp;zeroDateTimeBehavior=convertToNull</xa-datasource-property>
	<user-name>root</user-name>
	<password>fiap</password>
	<transaction-isolation>TRANSACTION_READ_COMMITTED</transaction-isolation>		
    	<max-pool-size>5</max-pool-size>
    	<min-pool-size>0</min-pool-size>
	<blocking-timeout-millis>2000</blocking-timeout-millis>
    	<idle-timeout-minutes>2</idle-timeout-minutes>
	<track-connection-by-tx>true</track-connection-by-tx>
	<no-tx-separate-pools>false</no-tx-separate-pools> 
	<exception-sorter-class-name>org.jboss.resource.adapter.jdbc.vendor.MySQLExceptionSorter</exception-sorter-class-name>
	<metadata>
		<type-mapping>mySQL</type-mapping>
	</metadata> 	
  </xa-datasource>
  
  <xa-datasource>
    	<jndi-name>jdbc/fiapXA1</jndi-name>
	<xa-datasource-class>com.mysql.jdbc.jdbc2.optional.MysqlXADataSource</xa-datasource-class>
	<xa-datasource-property name="URL">jdbc:mysql://localhost:3306/fiap3?characterEncoding=utf8&amp;zeroDateTimeBehavior=convertToNull</xa-datasource-property>
	<user-name>root</user-name>
	<password>fiap</password>
	<transaction-isolation>TRANSACTION_READ_COMMITTED</transaction-isolation>		
    	<max-pool-size>5</max-pool-size>
    	<min-pool-size>0</min-pool-size>
	<blocking-timeout-millis>2000</blocking-timeout-millis>
    	<idle-timeout-minutes>2</idle-timeout-minutes>
	<track-connection-by-tx>true</track-connection-by-tx>
	<no-tx-separate-pools>false</no-tx-separate-pools> 
	<exception-sorter-class-name>org.jboss.resource.adapter.jdbc.vendor.MySQLExceptionSorter</exception-sorter-class-name>
	<metadata>
		<type-mapping>mySQL</type-mapping>
	</metadata> 	
  </xa-datasource>
  
  
  
  <local-tx-datasource>
    <jndi-name>MySqlDS1</jndi-name>
    <connection-url>jdbc:mysql://localhost:3306/fiap</connection-url>
    <driver-class>com.mysql.jdbc.Driver</driver-class>
    <user-name>root</user-name>
    <password>fiap</password>
    <exception-sorter-class-name>org.jboss.resource.adapter.jdbc.vendor.MySQLExceptionSorter</exception-sorter-class-name>
    <!-- sql to call when connection is created
    <new-connection-sql>some arbitrary sql</new-connection-sql>
      -->
    <!-- sql to call on an existing pooled connection when it is obtained from pool 
    <check-valid-connection-sql>some arbitrary sql</check-valid-connection-sql>
      -->
     <metadata>
	<type-mapping>mySQL</type-mapping>
     </metadata>
  </local-tx-datasource>

</datasources>
