<?xml version="1.0" encoding="UTF-8"?>
<application xmlns:xsi="http://www.w3.org/2001/XMLSchema-instance" xmlns="http://java.sun.com/xml/ns/javaee" xmlns:application="http://java.sun.com/xml/ns/javaee/application_5.xsd" xsi:schemaLocation="http://java.sun.com/xml/ns/javaee http://java.sun.com/xml/ns/javaee/application_6.xsd" id="Application_ID" version="6">
  <display-name>TccFiapEApp</display-name>
  <module>
    <java>SICidLoginModule.jar</java>
  </module>
  <module>
    <web>
      <web-uri>ICPAdmin.war</web-uri>
      <context-root>icpadmin</context-root>
    </web>
  </module>
  <module>
    <web>
      <web-uri>BancoSeguro.war</web-uri>
      <context-root>bancoseguro</context-root>
    </web>
  </module>
  <module>
    <web>
      <web-uri>ReceitaNacional.war</web-uri>
      <context-root>receita</context-root>
    </web>
  </module>
  <module>
    <ejb>SICidEJB.jar</ejb>
  </module>
  <module>
    <web>
      <web-uri>SICidWeb.war</web-uri>
      <context-root>sicid</context-root>
    </web>
  </module>
  <module>
    <ejb>BancoSeguroEJB.jar</ejb>
  </module>
  <module>
    <ejb>ReceitaNacionalEJB.jar</ejb>
  </module>
  <module>
    <ejb>ICPAdminEJB.jar</ejb>
  </module>
  <module>
    <ejb>BancoSeguroService.jar</ejb>
  </module>
  <module>
    <ejb>SICidService.jar</ejb>
  </module>
</application>